Stock,Final_CAGR,Final_WinRate,Avg_CAGR,Avg_WinRate
ADBE,0.7679742189233101,0.5378486055776892,0.26927087284893136,0.5348608622678348
AMZN,0.8056720089995921,0.5418326693227091,0.2930353033246552,0.528057138611558
BIDU,0.0346896407868682,0.43824701195219123,0.12908659494846877,0.48991438708632296
META,1.9454663538219696,0.5418326693227091,0.33980945713832295,0.5251389650976931
NFLX,0.6730267442830198,0.5378486055776892,0.5192718106596077,0.5044913589299177
NVDA,2.395565849928658,0.5697211155378487,0.6204673119038939,0.5261302695058957
TSLA,1.0407268239927006,0.549800796812749,0.9526519574639861,0.518250908718255
